time,target-POS_X,target-POS_Y,target-POS_Z,target-ROT_X,target-ROT_Y,target-ROT_Z,target-ROT_W
0.0,0.7,0.5,0.3,0.7071067811865476,0.0,0.7071067811865475,0.0
0.03623188,0.7,0.4988552,0.3031872,0.7071067811865476,0.0,0.7071067811865475,0.0
0.07246377,0.7,0.4972064,0.3066984,0.7071067811865476,0.0,0.7071067811865475,0.0
0.10869565,0.7,0.495072,0.3105264,0.7071067811865476,0.0,0.7071067811865475,0.0
0.14492754,0.7,0.492472,0.31466479999999997,0.7071067811865476,0.0,0.7071067811865475,0.0
0.18115942,0.7,0.4894264,0.3191072,0.7071067811865476,0.0,0.7071067811865475,0.0
0.2173913,0.7,0.4859544,0.3238464,0.7071067811865476,0.0,0.7071067811865475,0.0
0.25362319,0.7,0.48207679999999997,0.328876,0.7071067811865476,0.0,0.7071067811865475,0.0
0.28985507,0.7,0.4778112,0.3341896,0.7071067811865476,0.0,0.7071067811865475,0.0
0.32608696,0.7,0.4731792,0.3397808,0.7071067811865476,0.0,0.7071067811865475,0.0
0.36231884,0.7,0.4681992,0.3456416,0.7071067811865476,0.0,0.7071067811865475,0.0
0.39855072,0.7,0.4628912,0.3517664,0.7071067811865476,0.0,0.7071067811865475,0.0
0.43478261,0.7,0.457276,0.3581488,0.7071067811865476,0.0,0.7071067811865475,0.0
0.47101449,0.7,0.4513712,0.3647816,0.7071067811865476,0.0,0.7071067811865475,0.0
0.50724638,0.7,0.44519759999999997,0.3716584,0.7071067811865476,0.0,0.7071067811865475,0.0
0.54347826,0.7,0.4387752,0.378772,0.7071067811865476,0.0,0.7071067811865475,0.0
0.57971014,0.7,0.4321224,0.3861168,0.7071067811865476,0.0,0.7071067811865475,0.0
0.61594203,0.7,0.4252608,0.3936848,0.7071067811865476,0.0,0.7071067811865475,0.0
0.65217391,0.7,0.418208,0.4014704,0.7071067811865476,0.0,0.7071067811865475,0.0
0.6884058,0.7,0.4109848,0.4094664,0.7071067811865476,0.0,0.7071067811865475,0.0
0.72463768,0.7,0.4036104,0.4176672,0.7071067811865476,0.0,0.7071067811865475,0.0
0.76086957,0.7,0.3961048,0.4260648,0.7071067811865476,0.0,0.7071067811865475,0.0
0.79710145,0.7,0.38848720000000003,0.43465279999999995,0.7071067811865476,0.0,0.7071067811865475,0.0
0.83333333,0.7,0.3807784,0.44342479999999995,0.7071067811865476,0.0,0.7071067811865475,0.0
0.86956522,0.7,0.372996,0.4523744,0.7071067811865476,0.0,0.7071067811865475,0.0
0.9057971,0.7,0.3651616,0.4614952,0.7071067811865476,0.0,0.7071067811865475,0.0
0.94202899,0.7,0.3572944,0.4707792,0.7071067811865476,0.0,0.7071067811865475,0.0
0.97826087,0.7,0.3494136,0.4802208,0.7071067811865476,0.0,0.7071067811865475,0.0
1.01449275,0.7,0.3415384,0.4898136,0.7071067811865476,0.0,0.7071067811865475,0.0
1.05072464,0.7,0.333692,0.499544,0.7071067811865476,0.0,0.7071067811865475,0.0
1.08695652,0.7,0.32590319999999995,0.509376,0.7071067811865476,0.0,0.7071067811865475,0.0
1.12318841,0.7,0.3182032,0.5192680000000001,0.7071067811865476,0.0,0.7071067811865475,0.0
1.15942029,0.7,0.3106248,0.5291776,0.7071067811865476,0.0,0.7071067811865475,0.0
1.19565217,0.7,0.3031992,0.5390632,0.7071067811865476,0.0,0.7071067811865475,0.0
1.23188406,0.7,0.29595760000000004,0.5488824,0.7071067811865476,0.0,0.7071067811865475,0.0
1.26811594,0.7,0.2889328,0.5585944,0.7071067811865476,0.0,0.7071067811865475,0.0
1.30434783,0.7,0.2821552,0.568156,0.7071067811865476,0.0,0.7071067811865475,0.0
1.34057971,0.7,0.27565759999999995,0.5775264,0.7071067811865476,0.0,0.7071067811865475,0.0
1.37681159,0.7,0.2694712,0.5866632,0.7071067811865476,0.0,0.7071067811865475,0.0
1.41304348,0.7,0.26362719999999995,0.5955248,0.7071067811865476,0.0,0.7071067811865475,0.0
1.44927536,0.7,0.2581576,0.6040688000000001,0.7071067811865476,0.0,0.7071067811865475,0.0
1.48550725,0.7,0.25309439999999994,0.6122544000000001,0.7071067811865476,0.0,0.7071067811865475,0.0
1.52173913,0.7,0.2484688,0.6200384000000001,0.7071067811865476,0.0,0.7071067811865475,0.0
1.55797101,0.7,0.2443128,0.6273792,0.7071067811865476,0.0,0.7071067811865475,0.0
1.5942029,0.7,0.24065759999999997,0.634236,0.7071067811865476,0.0,0.7071067811865475,0.0
1.63043478,0.7,0.2375352,0.6405656,0.7071067811865476,0.0,0.7071067811865475,0.0
1.66666667,0.7,0.23497759999999995,0.6463264,0.7071067811865476,0.0,0.7071067811865475,0.0
1.70289855,0.7,0.23301679999999997,0.6514768,0.7071067811865476,0.0,0.7071067811865475,0.0
1.73913043,0.7,0.23168319999999998,0.6559752000000001,0.7071067811865476,0.0,0.7071067811865475,0.0
1.77536232,0.7,0.23100879999999996,0.6597792,0.7071067811865476,0.0,0.7071067811865475,0.0
1.8115942,0.7,0.2310256,0.6628472000000001,0.7071067811865476,0.0,0.7071067811865475,0.0
1.84782609,0.7,0.23176559999999996,0.6651368,0.7071067811865476,0.0,0.7071067811865475,0.0
1.88405797,0.7,0.23325840000000003,0.6666080000000001,0.7071067811865476,0.0,0.7071067811865475,0.0
1.92028986,0.7,0.23549599999999998,0.6672536,0.7071067811865476,0.0,0.7071067811865475,0.0
1.95652174,0.7,0.2384344,0.6670967999999999,0.7071067811865476,0.0,0.7071067811865475,0.0
1.99275362,0.7,0.2420288,0.6661608000000001,0.7071067811865476,0.0,0.7071067811865475,0.0
2.02898551,0.7,0.2462352,0.6644712,0.7071067811865476,0.0,0.7071067811865475,0.0
2.06521739,0.7,0.2510072,0.6620520000000001,0.7071067811865476,0.0,0.7071067811865475,0.0
2.10144928,0.7,0.2563,0.658928,0.7071067811865476,0.0,0.7071067811865475,0.0
2.13768116,0.7,0.2620696,0.6551224,0.7071067811865476,0.0,0.7071067811865475,0.0
2.17391304,0.7,0.2682696,0.6506608,0.7071067811865476,0.0,0.7071067811865475,0.0
2.21014493,0.7,0.2748568,0.6455672,0.7071067811865476,0.0,0.7071067811865475,0.0
2.24637681,0.7,0.281784,0.6398664000000001,0.7071067811865476,0.0,0.7071067811865475,0.0
2.2826087,0.7,0.28900800000000004,0.6335816000000001,0.7071067811865476,0.0,0.7071067811865475,0.0
2.31884058,0.7,0.29648319999999995,0.6267384,0.7071067811865476,0.0,0.7071067811865475,0.0
2.35507246,0.7,0.3041648,0.6193607999999999,0.7071067811865476,0.0,0.7071067811865475,0.0
2.39130435,0.7,0.3120072,0.6114736000000001,0.7071067811865476,0.0,0.7071067811865475,0.0
2.42753623,0.7,0.31996559999999996,0.6031,0.7071067811865476,0.0,0.7071067811865475,0.0
2.46376812,0.7,0.3279952,0.5942656,0.7071067811865476,0.0,0.7071067811865475,0.0
2.5,0.7,0.3360512,0.5849944,0.7071067811865476,0.0,0.7071067811865475,0.0
2.53623188,0.7,0.34408799999999995,0.5753104,0.7071067811865476,0.0,0.7071067811865475,0.0
2.57246377,0.7,0.3520616,0.5652391999999999,0.7071067811865476,0.0,0.7071067811865475,0.0
2.60869565,0.7,0.35992559999999996,0.5548032,0.7071067811865476,0.0,0.7071067811865475,0.0
2.64492754,0.7,0.3676368,0.5440288,0.7071067811865476,0.0,0.7071067811865475,0.0
2.68115942,0.7,0.375148,0.5329392,0.7071067811865476,0.0,0.7071067811865475,0.0
2.7173913,0.7,0.382416,0.5215592,0.7071067811865476,0.0,0.7071067811865475,0.0
2.75362319,0.7,0.3894048,0.5099192,0.7071067811865476,0.0,0.7071067811865475,0.0
2.78985507,0.7,0.396108,0.498064,0.7071067811865476,0.0,0.7071067811865475,0.0
2.82608696,0.7,0.4025208,0.48604400000000003,0.7071067811865476,0.0,0.7071067811865475,0.0
2.86231884,0.7,0.4086416,0.4739056,0.7071067811865476,0.0,0.7071067811865475,0.0
2.89855072,0.7,0.4144664,0.4616984,0.7071067811865476,0.0,0.7071067811865475,0.0
2.93478261,0.7,0.4199928,0.44947119999999996,0.7071067811865476,0.0,0.7071067811865475,0.0
2.97101449,0.7,0.4252168,0.437272,0.7071067811865476,0.0,0.7071067811865475,0.0
3.00724638,0.7,0.4301368,0.4251488,0.7071067811865476,0.0,0.7071067811865475,0.0
3.04347826,0.7,0.4347488,0.4131512,0.7071067811865476,0.0,0.7071067811865475,0.0
3.07971014,0.7,0.4390496,0.40132639999999997,0.7071067811865476,0.0,0.7071067811865475,0.0
3.11594203,0.7,0.4430368,0.3897248,0.7071067811865476,0.0,0.7071067811865475,0.0
3.15217391,0.7,0.4467064,0.3783928,0.7071067811865476,0.0,0.7071067811865475,0.0
3.1884058,0.7,0.450056,0.36738,0.7071067811865476,0.0,0.7071067811865475,0.0
3.22463768,0.7,0.4530832,0.3567344,0.7071067811865476,0.0,0.7071067811865475,0.0
3.26086957,0.7,0.4557832,0.34650559999999997,0.7071067811865476,0.0,0.7071067811865475,0.0
3.29710145,0.7,0.4581544,0.3367408,0.7071067811865476,0.0,0.7071067811865475,0.0
3.33333333,0.7,0.4601936,0.32748879999999997,0.7071067811865476,0.0,0.7071067811865475,0.0
3.36956522,0.7,0.4618968,0.3187984,0.7071067811865476,0.0,0.7071067811865475,0.0
3.4057971,0.7,0.4632616,0.3107184,0.7071067811865476,0.0,0.7071067811865475,0.0
3.44202899,0.7,0.4642856,0.3032968,0.7071067811865476,0.0,0.7071067811865475,0.0
3.47826087,0.7,0.4649648,0.2965816,0.7071067811865476,0.0,0.7071067811865475,0.0
3.51449275,0.7,0.465296,0.2906224,0.7071067811865476,0.0,0.7071067811865475,0.0
3.55072464,0.7,0.4652768,0.2854664,0.7071067811865476,0.0,0.7071067811865475,0.0
3.58695652,0.7,0.4649032,0.28116399999999997,0.7071067811865476,0.0,0.7071067811865475,0.0
3.62318841,0.7,0.4641736,0.2777616,0.7071067811865476,0.0,0.7071067811865475,0.0
3.65942029,0.7,0.463084,0.2753096,0.7071067811865476,0.0,0.7071067811865475,0.0
3.69565217,0.7,0.4616312,0.2738544,0.7071067811865476,0.0,0.7071067811865475,0.0
3.73188406,0.7,0.4598128,0.2734464,0.7071067811865476,0.0,0.7071067811865475,0.0
3.76811594,0.7,0.45762559999999997,0.2741328,0.7071067811865476,0.0,0.7071067811865475,0.0
3.80434783,0.7,0.4550656,0.2759552,0.7071067811865476,0.0,0.7071067811865475,0.0
3.84057971,0.7,0.4521264,0.2788712,0.7071067811865476,0.0,0.7071067811865475,0.0
3.87681159,0.7,0.4488008,0.2827928,0.7071067811865476,0.0,0.7071067811865475,0.0
3.91304348,0.7,0.44508,0.287632,0.7071067811865476,0.0,0.7071067811865475,0.0
3.94927536,0.7,0.440956,0.2933008,0.7071067811865476,0.0,0.7071067811865475,0.0
3.98550725,0.7,0.4364208,0.2997104,0.7071067811865476,0.0,0.7071067811865475,0.0
4.02173913,0.7,0.4314656,0.3067728,0.7071067811865476,0.0,0.7071067811865475,0.0
4.05797101,0.7,0.4260824,0.3143992,0.7071067811865476,0.0,0.7071067811865475,0.0
4.0942029,0.7,0.4202632,0.3225016,0.7071067811865476,0.0,0.7071067811865475,0.0
4.13043478,0.7,0.414,0.3309912,0.7071067811865476,0.0,0.7071067811865475,0.0
4.16666667,0.7,0.407284,0.3397808,0.7071067811865476,0.0,0.7071067811865475,0.0
4.20289855,0.7,0.400108,0.34878,0.7071067811865476,0.0,0.7071067811865475,0.0
4.23913043,0.7,0.3924632,0.3579016,0.7071067811865476,0.0,0.7071067811865475,0.0
4.27536232,0.7,0.3843416,0.3670576,0.7071067811865476,0.0,0.7071067811865475,0.0
4.3115942,0.7,0.3757344,0.3761592,0.7071067811865476,0.0,0.7071067811865475,0.0
4.34782609,0.7,0.366664,0.3851192,0.7071067811865476,0.0,0.7071067811865475,0.0
4.38405797,0.7,0.35725439999999997,0.3938488,0.7071067811865476,0.0,0.7071067811865475,0.0
4.42028986,0.7,0.3476504,0.402264,0.7071067811865476,0.0,0.7071067811865475,0.0
4.45652174,0.7,0.3379992,0.4102776,0.7071067811865476,0.0,0.7071067811865475,0.0
4.49275362,0.7,0.3284464,0.4178032,0.7071067811865476,0.0,0.7071067811865475,0.0
4.52898551,0.7,0.3191384,0.4247544,0.7071067811865476,0.0,0.7071067811865475,0.0
4.56521739,0.7,0.3102216,0.43104560000000003,0.7071067811865476,0.0,0.7071067811865475,0.0
4.60144928,0.7,0.3018408,0.4365896,0.7071067811865476,0.0,0.7071067811865475,0.0
4.63768116,0.7,0.2941424,0.4413,0.7071067811865476,0.0,0.7071067811865475,0.0
4.67391304,0.7,0.2872736,0.4450912,0.7071067811865476,0.0,0.7071067811865475,0.0
4.71014493,0.7,0.28137999999999996,0.44787679999999996,0.7071067811865476,0.0,0.7071067811865475,0.0
4.74637681,0.7,0.27660640000000003,0.4495696,0.7071067811865476,0.0,0.7071067811865475,0.0
4.7826087,0.7,0.27310080000000003,0.450084,0.7071067811865476,0.0,0.7071067811865475,0.0
4.81884058,0.7,0.271008,0.4493344,0.7071067811865476,0.0,0.7071067811865475,0.0
4.85507246,0.7,0.2704664,0.4472376,0.7071067811865476,0.0,0.7071067811865475,0.0
4.89130435,0.7,0.2714504,0.4438104,0.7071067811865476,0.0,0.7071067811865475,0.0
4.92753623,0.7,0.27378079999999994,0.43915919999999997,0.7071067811865476,0.0,0.7071067811865475,0.0
4.96376812,0.7,0.2772688,0.433396,0.7071067811865476,0.0,0.7071067811865475,0.0
5.0,0.7,0.28172959999999997,0.4266328,0.7071067811865476,0.0,0.7071067811865475,0.0
5.03623188,0.7,0.2869752,0.41898,0.7071067811865476,0.0,0.7071067811865475,0.0
5.07246377,0.7,0.29281999999999997,0.4105488,0.7071067811865476,0.0,0.7071067811865475,0.0
5.10869565,0.7,0.299076,0.4014512,0.7071067811865476,0.0,0.7071067811865475,0.0
5.14492754,0.7,0.3055576,0.39179759999999997,0.7071067811865476,0.0,0.7071067811865475,0.0
5.18115942,0.7,0.3120768,0.3817,0.7071067811865476,0.0,0.7071067811865475,0.0
5.2173913,0.7,0.31844799999999995,0.3712696,0.7071067811865476,0.0,0.7071067811865475,0.0
5.25362319,0.7,0.3244856,0.3606184,0.7071067811865476,0.0,0.7071067811865475,0.0
5.28985507,0.7,0.33005439999999997,0.3498776,0.7071067811865476,0.0,0.7071067811865475,0.0
5.32608696,0.7,0.33508,0.3392056,0.7071067811865476,0.0,0.7071067811865475,0.0
5.36231884,0.7,0.3394944,0.32876,0.7071067811865476,0.0,0.7071067811865475,0.0
5.39855072,0.7,0.34322719999999995,0.31869919999999996,0.7071067811865476,0.0,0.7071067811865475,0.0
5.43478261,0.7,0.3462088,0.3091832,0.7071067811865476,0.0,0.7071067811865475,0.0
5.47101449,0.7,0.34837039999999997,0.3003688,0.7071067811865476,0.0,0.7071067811865475,0.0
5.50724638,0.7,0.3496416,0.292416,0.7071067811865476,0.0,0.7071067811865475,0.0
5.54347826,0.7,0.3499544,0.28548239999999997,0.7071067811865476,0.0,0.7071067811865475,0.0
5.57971014,0.7,0.3492376,0.2797272,0.7071067811865476,0.0,0.7071067811865475,0.0
5.61594203,0.7,0.3474232,0.27530879999999996,0.7071067811865476,0.0,0.7071067811865475,0.0
5.65217391,0.7,0.3444536,0.27236319999999997,0.7071067811865476,0.0,0.7071067811865475,0.0
5.6884058,0.7,0.3403768,0.27084959999999997,0.7071067811865476,0.0,0.7071067811865475,0.0
5.72463768,0.7,0.33528800000000003,0.270644,0.7071067811865476,0.0,0.7071067811865475,0.0
5.76086957,0.7,0.32928159999999995,0.2716216,0.7071067811865476,0.0,0.7071067811865475,0.0
5.79710145,0.7,0.3224552,0.2736576,0.7071067811865476,0.0,0.7071067811865475,0.0
5.83333333,0.7,0.3149032,0.27662719999999996,0.7071067811865476,0.0,0.7071067811865475,0.0
5.86956522,0.7,0.3067216,0.2804064,0.7071067811865476,0.0,0.7071067811865475,0.0
5.9057971,0.7,0.2980056,0.28487039999999997,0.7071067811865476,0.0,0.7071067811865475,0.0
5.94202899,0.7,0.288852,0.2898944,0.7071067811865476,0.0,0.7071067811865475,0.0
5.97826087,0.7,0.27935599999999994,0.2953544,0.7071067811865476,0.0,0.7071067811865475,0.0
6.01449275,0.7,0.26961199999999996,0.30112479999999997,0.7071067811865476,0.0,0.7071067811865475,0.0
6.05072464,0.7,0.2597176,0.3070816,0.7071067811865476,0.0,0.7071067811865475,0.0
6.08695652,0.7,0.24976720000000002,0.3131,0.7071067811865476,0.0,0.7071067811865475,0.0
6.12318841,0.7,0.23985759999999995,0.3190552,0.7071067811865476,0.0,0.7071067811865475,0.0
6.15942029,0.7,0.2300832,0.3248224,0.7071067811865476,0.0,0.7071067811865475,0.0
6.19565217,0.7,0.22054,0.3302776,0.7071067811865476,0.0,0.7071067811865475,0.0
6.23188406,0.7,0.21132399999999996,0.3352968,0.7071067811865476,0.0,0.7071067811865475,0.0
6.26811594,0.7,0.2024864,0.3398312,0.7071067811865476,0.0,0.7071067811865475,0.0
6.30434783,0.7,0.1940016,0.343972,0.7071067811865476,0.0,0.7071067811865475,0.0
6.34057971,0.7,0.18583280000000002,0.3478248,0.7071067811865476,0.0,0.7071067811865475,0.0
6.37681159,0.7,0.17794559999999998,0.3514952,0.7071067811865476,0.0,0.7071067811865475,0.0
6.41304348,0.7,0.1703032,0.3550896,0.7071067811865476,0.0,0.7071067811865475,0.0
6.44927536,0.7,0.16287039999999997,0.3587152,0.7071067811865476,0.0,0.7071067811865475,0.0
6.48550725,0.7,0.15561199999999997,0.362476,0.7071067811865476,0.0,0.7071067811865475,0.0
6.52173913,0.7,0.1484912,0.36648,0.7071067811865476,0.0,0.7071067811865475,0.0
6.55797101,0.7,0.14147439999999994,0.370832,0.7071067811865476,0.0,0.7071067811865475,0.0
6.5942029,0.7,0.13452399999999998,0.3756384,0.7071067811865476,0.0,0.7071067811865475,0.0
6.63043478,0.7,0.12760479999999996,0.3810056,0.7071067811865476,0.0,0.7071067811865475,0.0
6.66666667,0.7,0.12068239999999997,0.3870384,0.7071067811865476,0.0,0.7071067811865475,0.0
6.70289855,0.7,0.11371999999999999,0.3938448,0.7071067811865476,0.0,0.7071067811865475,0.0
6.73913043,0.7,0.10668719999999998,0.4015224,0.7071067811865476,0.0,0.7071067811865475,0.0
6.77536232,0.7,0.09968959999999993,0.4099816,0.7071067811865476,0.0,0.7071067811865475,0.0
6.8115942,0.7,0.0929856,0.41892,0.7071067811865476,0.0,0.7071067811865475,0.0
6.84782609,0.7,0.08684399999999992,0.4280232,0.7071067811865476,0.0,0.7071067811865475,0.0
6.88405797,0.7,0.08153119999999991,0.4369768,0.7071067811865476,0.0,0.7071067811865475,0.0
6.92028986,0.7,0.0773144,0.4454664,0.7071067811865476,0.0,0.7071067811865475,0.0
6.95652174,0.7,0.0744608,0.4531784,0.7071067811865476,0.0,0.7071067811865475,0.0
6.99275362,0.7,0.07323760000000001,0.45979760000000003,0.7071067811865476,0.0,0.7071067811865475,0.0
7.02898551,0.7,0.07391120000000001,0.4650112,0.7071067811865476,0.0,0.7071067811865475,0.0
7.06521739,0.7,0.07671039999999996,0.4685376,0.7071067811865476,0.0,0.7071067811865475,0.0
7.10144928,0.7,0.08151520000000001,0.470384,0.7071067811865476,0.0,0.7071067811865475,0.0
7.13768116,0.7,0.088032,0.4707048,0.7071067811865476,0.0,0.7071067811865475,0.0
7.17391304,0.7,0.09596479999999996,0.4696536,0.7071067811865476,0.0,0.7071067811865475,0.0
7.21014493,0.7,0.10501680000000002,0.4673864,0.7071067811865476,0.0,0.7071067811865475,0.0
7.24637681,0.7,0.11489359999999998,0.4640576,0.7071067811865476,0.0,0.7071067811865475,0.0
7.2826087,0.7,0.12529839999999998,0.4598224,0.7071067811865476,0.0,0.7071067811865475,0.0
7.31884058,0.7,0.13593519999999998,0.4548352,0.7071067811865476,0.0,0.7071067811865475,0.0
7.35507246,0.7,0.14650799999999997,0.449252,0.7071067811865476,0.0,0.7071067811865475,0.0
7.39130435,0.7,0.15672160000000002,0.4432272,0.7071067811865476,0.0,0.7071067811865475,0.0
7.42753623,0.7,0.16629519999999998,0.43690640000000003,0.7071067811865476,0.0,0.7071067811865475,0.0
7.46376812,0.7,0.17510720000000002,0.4303496,0.7071067811865476,0.0,0.7071067811865475,0.0
7.5,0.7,0.18312639999999997,0.4235664,0.7071067811865476,0.0,0.7071067811865475,0.0
7.53623188,0.7,0.19032319999999997,0.416564,0.7071067811865476,0.0,0.7071067811865475,0.0
7.57246377,0.7,0.19666879999999998,0.4093512,0.7071067811865476,0.0,0.7071067811865475,0.0
7.60869565,0.7,0.2021328,0.4019368,0.7071067811865476,0.0,0.7071067811865475,0.0
7.64492754,0.7,0.2066864,0.3943296,0.7071067811865476,0.0,0.7071067811865475,0.0
7.68115942,0.7,0.21029919999999996,0.3865368,0.7071067811865476,0.0,0.7071067811865475,0.0
7.7173913,0.7,0.2129432,0.3785672,0.7071067811865476,0.0,0.7071067811865475,0.0
7.75362319,0.7,0.21458719999999998,0.3704296,0.7071067811865476,0.0,0.7071067811865475,0.0
7.78985507,0.7,0.21520239999999996,0.362132,0.7071067811865476,0.0,0.7071067811865475,0.0
7.82608696,0.7,0.21476,0.3536832,0.7071067811865476,0.0,0.7071067811865475,0.0
7.86231884,0.7,0.21324159999999998,0.3451032,0.7071067811865476,0.0,0.7071067811865475,0.0
7.89855072,0.7,0.21070639999999996,0.3364816,0.7071067811865476,0.0,0.7071067811865475,0.0
7.93478261,0.7,0.2072368,0.32793279999999997,0.7071067811865476,0.0,0.7071067811865475,0.0
7.97101449,0.7,0.20291759999999998,0.3195704,0.7071067811865476,0.0,0.7071067811865475,0.0
8.00724638,0.7,0.197832,0.3115096,0.7071067811865476,0.0,0.7071067811865475,0.0
8.04347826,0.7,0.19206479999999998,0.3038632,0.7071067811865476,0.0,0.7071067811865475,0.0
8.07971014,0.7,0.18569999999999998,0.29674639999999997,0.7071067811865476,0.0,0.7071067811865475,0.0
8.11594203,0.7,0.1788208,0.2902728,0.7071067811865476,0.0,0.7071067811865475,0.0
8.15217391,0.7,0.17151119999999997,0.28455759999999997,0.7071067811865476,0.0,0.7071067811865475,0.0
8.1884058,0.7,0.16385519999999998,0.2797136,0.7071067811865476,0.0,0.7071067811865475,0.0
8.22463768,0.7,0.15593759999999995,0.275856,0.7071067811865476,0.0,0.7071067811865475,0.0
8.26086957,0.7,0.14783919999999995,0.2730936,0.7071067811865476,0.0,0.7071067811865475,0.0
8.29710145,0.7,0.13960639999999996,0.27145199999999997,0.7071067811865476,0.0,0.7071067811865475,0.0
8.33333333,0.7,0.13125520000000002,0.27088639999999997,0.7071067811865476,0.0,0.7071067811865475,0.0
8.36956522,0.7,0.12280079999999999,0.2713504,0.7071067811865476,0.0,0.7071067811865475,0.0
8.4057971,0.7,0.11425999999999997,0.2727984,0.7071067811865476,0.0,0.7071067811865475,0.0
8.44202899,0.7,0.10564719999999994,0.27518319999999996,0.7071067811865476,0.0,0.7071067811865475,0.0
8.47826087,0.7,0.0969776,0.27846,0.7071067811865476,0.0,0.7071067811865475,0.0
8.51449275,0.7,0.08826719999999999,0.28258079999999997,0.7071067811865476,0.0,0.7071067811865475,0.0
8.55072464,0.7,0.07953199999999999,0.2875008,0.7071067811865476,0.0,0.7071067811865475,0.0
8.58695652,0.7,0.07078639999999997,0.2931728,0.7071067811865476,0.0,0.7071067811865475,0.0
8.62318841,0.7,0.062047200000000025,0.2995504,0.7071067811865476,0.0,0.7071067811865475,0.0
8.65942029,0.7,0.05332800000000004,0.30658799999999997,0.7071067811865476,0.0,0.7071067811865475,0.0
8.69565217,0.7,0.04464560000000001,0.31423999999999996,0.7071067811865476,0.0,0.7071067811865475,0.0
8.73188406,0.7,0.03601599999999994,0.3224584,0.7071067811865476,0.0,0.7071067811865475,0.0
8.76811594,0.7,0.0274528,0.3311976,0.7071067811865476,0.0,0.7071067811865475,0.0
8.80434783,0.7,0.018972799999999956,0.3404112,0.7071067811865476,0.0,0.7071067811865475,0.0
8.84057971,0.7,0.01059199999999999,0.35005359999999996,0.7071067811865476,0.0,0.7071067811865475,0.0
8.87681159,0.7,0.0023239999999999927,0.3600784,0.7071067811865476,0.0,0.7071067811865475,0.0
8.91304348,0.7,-0.005814400000000108,0.37043919999999997,0.7071067811865476,0.0,0.7071067811865475,0.0
8.94927536,0.7,-0.01380720000000002,0.3810888,0.7071067811865476,0.0,0.7071067811865475,0.0
8.98550725,0.7,-0.021640800000000016,0.3919824,0.7071067811865476,0.0,0.7071067811865475,0.0
9.02173913,0.7,-0.029297600000000035,0.4030728,0.7071067811865476,0.0,0.7071067811865475,0.0
9.05797101,0.7,-0.03676400000000002,0.4143136,0.7071067811865476,0.0,0.7071067811865475,0.0
9.0942029,0.7,-0.04402320000000004,0.42566,0.7071067811865476,0.0,0.7071067811865475,0.0
9.13043478,0.7,-0.051059999999999994,0.437064,0.7071067811865476,0.0,0.7071067811865475,0.0
9.16666667,0.7,-0.05786000000000002,0.44847919999999997,0.7071067811865476,0.0,0.7071067811865475,0.0
9.20289855,0.7,-0.06440640000000009,0.4598608,0.7071067811865476,0.0,0.7071067811865475,0.0
9.23913043,0.7,-0.07068399999999997,0.4711624,0.7071067811865476,0.0,0.7071067811865475,0.0
9.27536232,0.7,-0.07667760000000001,0.4823368,0.7071067811865476,0.0,0.7071067811865475,0.0
9.3115942,0.7,-0.082372,0.4933376,0.7071067811865476,0.0,0.7071067811865475,0.0
9.34782609,0.7,-0.08775120000000003,0.5041192,0.7071067811865476,0.0,0.7071067811865475,0.0
9.38405797,0.7,-0.09279919999999997,0.5146352,0.7071067811865476,0.0,0.7071067811865475,0.0
9.42028986,0.7,-0.0975024000000001,0.52484,0.7071067811865476,0.0,0.7071067811865475,0.0
9.45652174,0.7,-0.10184320000000002,0.5346856,0.7071067811865476,0.0,0.7071067811865475,0.0
9.49275362,0.7,-0.10580800000000012,0.5441272,0.7071067811865476,0.0,0.7071067811865475,0.0
9.52898551,0.7,-0.10938000000000003,0.5531184,0.7071067811865476,0.0,0.7071067811865475,0.0
9.56521739,0.7,-0.11254400000000009,0.561612,0.7071067811865476,0.0,0.7071067811865475,0.0
9.60144928,0.7,-0.11528479999999997,0.5695624,0.7071067811865476,0.0,0.7071067811865475,0.0
9.63768116,0.7,-0.11758639999999998,0.5769232,0.7071067811865476,0.0,0.7071067811865475,0.0
9.67391304,0.7,-0.11943440000000005,0.5836488,0.7071067811865476,0.0,0.7071067811865475,0.0
9.71014493,0.7,-0.12081200000000003,0.589692,0.7071067811865476,0.0,0.7071067811865475,0.0
9.74637681,0.7,-0.12170480000000006,0.5950063999999999,0.7071067811865476,0.0,0.7071067811865475,0.0
9.7826087,0.7,-0.1220968,0.5995472,0.7071067811865476,0.0,0.7071067811865475,0.0
9.81884058,0.7,-0.12197279999999999,0.6032664000000001,0.7071067811865476,0.0,0.7071067811865475,0.0
9.85507246,0.7,-0.1213168,0.6061184,0.7071067811865476,0.0,0.7071067811865475,0.0
9.89130435,0.7,-0.12011360000000004,0.6080576,0.7071067811865476,0.0,0.7071067811865475,0.0
9.92753623,0.7,-0.11834880000000003,0.609036,0.7071067811865476,0.0,0.7071067811865475,0.0
9.96376812,0.7,-0.11600480000000002,0.6090096,0.7071067811865476,0.0,0.7071067811865475,0.0
10.0,0.7,-0.11306800000000006,0.6079304000000001,0.7071067811865476,0.0,0.7071067811865475,0.0
10.03623188,0.7,-0.10954240000000004,0.6057904000000001,0.7071067811865476,0.0,0.7071067811865475,0.0
10.07246377,0.7,-0.10547680000000004,0.6026584,0.7071067811865476,0.0,0.7071067811865475,0.0
10.10869565,0.7,-0.10092480000000004,0.5986152,0.7071067811865476,0.0,0.7071067811865475,0.0
10.14492754,0.7,-0.0959392,0.5937384,0.7071067811865476,0.0,0.7071067811865475,0.0
10.18115942,0.7,-0.09057360000000003,0.5881096,0.7071067811865476,0.0,0.7071067811865475,0.0
10.2173913,0.7,-0.08488320000000005,0.5818064000000001,0.7071067811865476,0.0,0.7071067811865475,0.0
10.25362319,0.7,-0.07891999999999999,0.5749104,0.7071067811865476,0.0,0.7071067811865475,0.0
10.28985507,0.7,-0.0727392,0.5674992,0.7071067811865476,0.0,0.7071067811865475,0.0
10.32608696,0.7,-0.06639280000000003,0.5596536,0.7071067811865476,0.0,0.7071067811865475,0.0
10.36231884,0.7,-0.059935199999999966,0.5514528,0.7071067811865476,0.0,0.7071067811865475,0.0
10.39855072,0.7,-0.053420799999999935,0.542976,0.7071067811865476,0.0,0.7071067811865475,0.0
10.43478261,0.7,-0.04690159999999999,0.534304,0.7071067811865476,0.0,0.7071067811865475,0.0
10.47101449,0.7,-0.040432799999999935,0.5255152,0.7071067811865476,0.0,0.7071067811865475,0.0
10.50724638,0.7,-0.034067199999999964,0.5166888000000001,0.7071067811865476,0.0,0.7071067811865475,0.0
10.54347826,0.7,-0.02785840000000006,0.5079056,0.7071067811865476,0.0,0.7071067811865475,0.0
10.57971014,0.7,-0.0218600000000001,0.4992448,0.7071067811865476,0.0,0.7071067811865475,0.0
10.61594203,0.7,-0.01612479999999994,0.4907808,0.7071067811865476,0.0,0.7071067811865475,0.0
10.65217391,0.7,-0.010685599999999962,0.4825264,0.7071067811865476,0.0,0.7071067811865475,0.0
10.6884058,0.7,-0.005556800000000028,0.4744392,0.7071067811865476,0.0,0.7071067811865475,0.0
10.72463768,0.7,-0.0007559999999999789,0.4664792,0.7071067811865476,0.0,0.7071067811865475,0.0
10.76086957,0.7,0.003702399999999939,0.458604,0.7071067811865476,0.0,0.7071067811865475,0.0
10.79710145,0.7,0.007801599999999964,0.450772,0.7071067811865476,0.0,0.7071067811865475,0.0
10.83333333,0.7,0.011525599999999914,0.44294239999999996,0.7071067811865476,0.0,0.7071067811865475,0.0
10.86956522,0.7,0.014859999999999984,0.435072,0.7071067811865476,0.0,0.7071067811865475,0.0
10.9057971,0.7,0.01778799999999997,0.42712079999999997,0.7071067811865476,0.0,0.7071067811865475,0.0
10.94202899,0.7,0.020294399999999935,0.4190464,0.7071067811865476,0.0,0.7071067811865475,0.0
10.97826087,0.7,0.022362400000000004,0.4108072,0.7071067811865476,0.0,0.7071067811865475,0.0
11.01449275,0.7,0.023976799999999965,0.4023624,0.7071067811865476,0.0,0.7071067811865475,0.0
11.05072464,0.7,0.02512160000000002,0.3936688,0.7071067811865476,0.0,0.7071067811865475,0.0
11.08695652,0.7,0.02578159999999996,0.3846864,0.7071067811865476,0.0,0.7071067811865475,0.0
11.12318841,0.7,0.02594079999999993,0.375372,0.7071067811865476,0.0,0.7071067811865475,0.0
11.15942029,0.7,0.025583199999999973,0.3656856,0.7071067811865476,0.0,0.7071067811865475,0.0
11.19565217,0.7,0.02469919999999992,0.3556272,0.7071067811865476,0.0,0.7071067811865475,0.0
11.23188406,0.7,0.023299999999999932,0.345352,0.7071067811865476,0.0,0.7071067811865475,0.0
11.26811594,0.7,0.02140399999999998,0.3350536,0.7071067811865476,0.0,0.7071067811865475,0.0
11.30434783,0.7,0.019028799999999957,0.3249224,0.7071067811865476,0.0,0.7071067811865475,0.0
11.34057971,0.7,0.016190399999999938,0.315152,0.7071067811865476,0.0,0.7071067811865475,0.0
11.37681159,0.7,0.012907199999999952,0.30593359999999997,0.7071067811865476,0.0,0.7071067811865475,0.0
11.41304348,0.7,0.009195999999999982,0.2974592,0.7071067811865476,0.0,0.7071067811865475,0.0
11.44927536,0.7,0.005073599999999956,0.28992,0.7071067811865476,0.0,0.7071067811865475,0.0
11.48550725,0.7,0.0005583999999999589,0.2835096,0.7071067811865476,0.0,0.7071067811865475,0.0
11.52173913,0.7,-0.0043328000000000255,0.2784192,0.7071067811865476,0.0,0.7071067811865475,0.0
11.55797101,0.7,-0.009583200000000014,0.2748408,0.7071067811865476,0.0,0.7071067811865475,0.0
11.5942029,0.7,-0.01517360000000001,0.2729232,0.7071067811865476,0.0,0.7071067811865475,0.0
11.63043478,0.7,-0.021075999999999984,0.2726,0.7071067811865476,0.0,0.7071067811865475,0.0
11.66666667,0.7,-0.02725920000000004,0.27373919999999996,0.7071067811865476,0.0,0.7071067811865475,0.0
11.70289855,0.7,-0.03369359999999999,0.276208,0.7071067811865476,0.0,0.7071067811865475,0.0
11.73913043,0.7,-0.04034800000000005,0.279872,0.7071067811865476,0.0,0.7071067811865475,0.0
11.77536232,0.7,-0.04719200000000001,0.28459999999999996,0.7071067811865476,0.0,0.7071067811865475,0.0
11.8115942,0.7,-0.0541952,0.2902576,0.7071067811865476,0.0,0.7071067811865475,0.0
11.84782609,0.7,-0.061327200000000026,0.29671359999999997,0.7071067811865476,0.0,0.7071067811865475,0.0
11.88405797,0.7,-0.0685576,0.3038344,0.7071067811865476,0.0,0.7071067811865475,0.0
11.92028986,0.7,-0.07585439999999999,0.3114864,0.7071067811865476,0.0,0.7071067811865475,0.0
11.95652174,0.7,-0.08318880000000006,0.3195376,0.7071067811865476,0.0,0.7071067811865475,0.0
11.99275362,0.7,-0.09052959999999999,0.3278544,0.7071067811865476,0.0,0.7071067811865475,0.0
12.02898551,0.7,-0.09784560000000009,0.33630479999999996,0.7071067811865476,0.0,0.7071067811865475,0.0
12.06521739,0.7,-0.10510719999999996,0.3447552,0.7071067811865476,0.0,0.7071067811865475,0.0
12.10144928,0.7,-0.11228400000000005,0.35307279999999996,0.7071067811865476,0.0,0.7071067811865475,0.0
12.13768116,0.7,-0.119344,0.3611248,0.7071067811865476,0.0,0.7071067811865475,0.0
12.17391304,0.7,-0.12625760000000008,0.3687792,0.7071067811865476,0.0,0.7071067811865475,0.0
12.21014493,0.7,-0.13300400000000012,0.3759528,0.7071067811865476,0.0,0.7071067811865475,0.0
12.24637681,0.7,-0.13958720000000002,0.3827008,0.7071067811865476,0.0,0.7071067811865475,0.0
12.2826087,0.7,-0.1460152,0.3890984,0.7071067811865476,0.0,0.7071067811865475,0.0
12.31884058,0.7,-0.1522968,0.3952216,0.7071067811865476,0.0,0.7071067811865475,0.0
12.35507246,0.7,-0.1584392000000001,0.40114479999999997,0.7071067811865476,0.0,0.7071067811865475,0.0
12.39130435,0.7,-0.16445120000000002,0.4069456,0.7071067811865476,0.0,0.7071067811865475,0.0
12.42753623,0.7,-0.17034079999999996,0.4126992,0.7071067811865476,0.0,0.7071067811865475,0.0
12.46376812,0.7,-0.17611679999999996,0.4184808,0.7071067811865476,0.0,0.7071067811865475,0.0
12.5,0.7,-0.18178720000000004,0.42436640000000003,0.7071067811865476,0.0,0.7071067811865475,0.0
12.53623188,0.7,-0.18735999999999997,0.430432,0.7071067811865476,0.0,0.7071067811865475,0.0
12.57246377,0.7,-0.19284400000000002,0.4367528,0.7071067811865476,0.0,0.7071067811865475,0.0
12.60869565,0.7,-0.19824640000000004,0.4434048,0.7071067811865476,0.0,0.7071067811865475,0.0
12.64492754,0.7,-0.2035768,0.4504648,0.7071067811865476,0.0,0.7071067811865475,0.0
12.68115942,0.7,-0.20884239999999998,0.4580064,0.7071067811865476,0.0,0.7071067811865475,0.0
12.7173913,0.7,-0.21405200000000013,0.46610799999999997,0.7071067811865476,0.0,0.7071067811865475,0.0
12.75362319,0.7,-0.2192128000000001,0.4748432,0.7071067811865476,0.0,0.7071067811865475,0.0
12.78985507,0.7,-0.22432560000000001,0.4842536,0.7071067811865476,0.0,0.7071067811865475,0.0
12.82608696,0.7,-0.229348,0.4942304,0.7071067811865476,0.0,0.7071067811865475,0.0
12.86231884,0.7,-0.23422880000000001,0.5046208,0.7071067811865476,0.0,0.7071067811865475,0.0
12.89855072,0.7,-0.23891600000000013,0.5152736,0.7071067811865476,0.0,0.7071067811865475,0.0
12.93478261,0.7,-0.24335760000000006,0.5260384,0.7071067811865476,0.0,0.7071067811865475,0.0
12.97101449,0.7,-0.24750080000000008,0.5367616,0.7071067811865476,0.0,0.7071067811865475,0.0
13.00724638,0.7,-0.25129520000000005,0.5472935999999999,0.7071067811865476,0.0,0.7071067811865475,0.0
13.04347826,0.7,-0.2546872,0.5574816,0.7071067811865476,0.0,0.7071067811865475,0.0
13.07971014,0.7,-0.25762640000000003,0.5671744,0.7071067811865476,0.0,0.7071067811865475,0.0
13.11594203,0.7,-0.26006000000000007,0.5762208,0.7071067811865476,0.0,0.7071067811865475,0.0
13.15217391,0.7,-0.26193600000000006,0.5844688,0.7071067811865476,0.0,0.7071067811865475,0.0
13.1884058,0.7,-0.26320240000000006,0.5917672,0.7071067811865476,0.0,0.7071067811865475,0.0
13.22463768,0.7,-0.2638072,0.5979639999999999,0.7071067811865476,0.0,0.7071067811865475,0.0
13.26086957,0.7,-0.2636992,0.6029088,0.7071067811865476,0.0,0.7071067811865475,0.0
13.29710145,0.7,-0.2628264,0.6064488,0.7071067811865476,0.0,0.7071067811865475,0.0
13.33333333,0.7,-0.26113600000000003,0.6084336,0.7071067811865476,0.0,0.7071067811865475,0.0
13.36956522,0.7,-0.2586088000000001,0.6087824,0.7071067811865476,0.0,0.7071067811865475,0.0
13.4057971,0.7,-0.255308,0.6075928,0.7071067811865476,0.0,0.7071067811865475,0.0
13.44202899,0.7,-0.2513080000000001,0.604992,0.7071067811865476,0.0,0.7071067811865475,0.0
13.47826087,0.7,-0.24668480000000004,0.6011048000000001,0.7071067811865476,0.0,0.7071067811865475,0.0
13.51449275,0.7,-0.2415136000000001,0.5960584,0.7071067811865476,0.0,0.7071067811865475,0.0
13.55072464,0.7,-0.2358696,0.5899784,0.7071067811865476,0.0,0.7071067811865475,0.0
13.58695652,0.7,-0.22982800000000003,0.5829912,0.7071067811865476,0.0,0.7071067811865475,0.0
13.62318841,0.7,-0.22346480000000002,0.5752224,0.7071067811865476,0.0,0.7071067811865475,0.0
13.65942029,0.7,-0.22016000000000002,0.5710104,0.7071067811865476,0.0,0.7071067811865475,0.0
13.69565217,0.7,-0.2168544,0.5667984,0.7071067811865476,0.0,0.7071067811865475,0.0
13.73188406,0.7,-0.21346320000000008,0.5623216,0.7071067811865476,0.0,0.7071067811865475,0.0
13.76811594,0.7,-0.21007200000000004,0.5578448,0.7071067811865476,0.0,0.7071067811865475,0.0
13.80434783,0.7,-0.2083520000000001,0.5555056,0.7071067811865476,0.0,0.7071067811865475,0.0
13.84057971,0.7,-0.20663200000000004,0.5531664000000001,0.7071067811865476,0.0,0.7071067811865475,0.0
13.87681159,0.7,-0.2057728000000001,0.551996,0.7071067811865476,0.0,0.7071067811865475,0.0
13.91304348,0.7,-0.2049128,0.5508264,0.7071067811865476,0.0,0.7071067811865475,0.0
13.94927536,0.7,-0.20448240000000006,0.5502416,0.7071067811865476,0.0,0.7071067811865475,0.0
13.98550725,0.7,-0.204268,0.5499496,0.7071067811865476,0.0,0.7071067811865475,0.0
14.02173913,0.7,-0.20405280000000003,0.5496568,0.7071067811865476,0.0,0.7071067811865475,0.0
14.05797101,0.7,-0.20362239999999998,0.549072,0.7071067811865476,0.0,0.7071067811865475,0.0
14.0942029,0.7,-0.20319280000000006,0.5484872000000001,0.7071067811865476,0.0,0.7071067811865475,0.0
14.13043478,0.7,-0.20233040000000013,0.5472832,0.7071067811865476,0.0,0.7071067811865475,0.0
14.16666667,0.7,-0.2014680000000001,0.5460792,0.7071067811865476,0.0,0.7071067811865475,0.0
14.20289855,0.7,-0.20060560000000005,0.5448744,0.7071067811865476,0.0,0.7071067811865475,0.0
14.23913043,0.7,-0.1997432,0.5436704,0.7071067811865476,0.0,0.7071067811865475,0.0
14.27536232,0.7,-0.19801840000000004,0.5412624,0.7071067811865476,0.0,0.7071067811865475,0.0
14.3115942,0.7,-0.19629360000000007,0.5388536,0.7071067811865476,0.0,0.7071067811865475,0.0
14.34782609,0.7,-0.19458240000000004,0.5364072,0.7071067811865476,0.0,0.7071067811865475,0.0
14.38405797,0.7,-0.19287120000000002,0.5339608,0.7071067811865476,0.0,0.7071067811865475,0.0
14.42028986,0.7,-0.19115919999999997,0.5315152,0.7071067811865476,0.0,0.7071067811865475,0.0
14.45652174,0.7,-0.18944800000000006,0.5290688,0.7071067811865476,0.0,0.7071067811865475,0.0
14.49275362,0.7,-0.18608960000000008,0.5241632,0.7071067811865476,0.0,0.7071067811865475,0.0
14.52898551,0.7,-0.18273200000000012,0.5192584,0.7071067811865476,0.0,0.7071067811865475,0.0
14.56521739,0.7,-0.1794768000000001,0.514404,0.7071067811865476,0.0,0.7071067811865475,0.0
14.60144928,0.7,-0.17622080000000007,0.5095495999999999,0.7071067811865476,0.0,0.7071067811865475,0.0
14.63768116,0.7,-0.17310559999999997,0.504808,0.7071067811865476,0.0,0.7071067811865475,0.0
14.67391304,0.7,-0.16998960000000007,0.5000671999999999,0.7071067811865476,0.0,0.7071067811865475,0.0
14.71014493,0.7,-0.16705040000000004,0.4955,0.7071067811865476,0.0,0.7071067811865475,0.0
14.74637681,0.7,-0.16411200000000004,0.49093359999999997,0.7071067811865476,0.0,0.7071067811865475,0.0
14.7826087,0.7,-0.1613696,0.4865552,0.7071067811865476,0.0,0.7071067811865475,0.0
14.81884058,0.7,-0.15862640000000006,0.4821768,0.7071067811865476,0.0,0.7071067811865475,0.0
14.85507246,0.7,-0.15353839999999996,0.4737384,0.7071067811865476,0.0,0.7071067811865475,0.0
14.89130435,0.7,-0.14885120000000007,0.46555599999999997,0.7071067811865476,0.0,0.7071067811865475,0.0
14.92753623,0.7,-0.1445704000000001,0.4575688,0.7071067811865476,0.0,0.7071067811865475,0.0
14.96376812,0.7,-0.14069920000000002,0.4497152,0.7071067811865476,0.0,0.7071067811865475,0.0
15.0,0.7,-0.1372424,0.4419328,0.7071067811865476,0.0,0.7071067811865475,0.0
15.03623188,0.7,-0.134204,0.43416,0.7071067811865476,0.0,0.7071067811865475,0.0
15.07246377,0.7,-0.13158800000000004,0.42633679999999996,0.7071067811865476,0.0,0.7071067811865475,0.0
15.10869565,0.7,-0.12939920000000005,0.41839919999999997,0.7071067811865476,0.0,0.7071067811865475,0.0
15.14492754,0.7,-0.12764160000000002,0.4102872,0.7071067811865476,0.0,0.7071067811865475,0.0
15.18115942,0.7,-0.12631920000000008,0.40193840000000003,0.7071067811865476,0.0,0.7071067811865475,0.0
15.2173913,0.7,-0.12543680000000013,0.3932912,0.7071067811865476,0.0,0.7071067811865475,0.0
15.25362319,0.7,-0.12499840000000007,0.3842848,0.7071067811865476,0.0,0.7071067811865475,0.0
15.28985507,0.7,-0.1250072000000001,0.3748568,0.7071067811865476,0.0,0.7071067811865475,0.0
15.32608696,0.7,-0.12546880000000005,0.3649464,0.7071067811865476,0.0,0.7071067811865475,0.0
15.36231884,0.7,-0.1263896,0.3545912,0.7071067811865476,0.0,0.7071067811865475,0.0
15.39855072,0.7,-0.12778160000000005,0.3440072,0.7071067811865476,0.0,0.7071067811865475,0.0
15.43478261,0.7,-0.1296560000000001,0.3334272,0.7071067811865476,0.0,0.7071067811865475,0.0
15.47101449,0.7,-0.13202559999999997,0.3230848,0.7071067811865476,0.0,0.7071067811865475,0.0
15.50724638,0.7,-0.1349024000000001,0.31321519999999997,0.7071067811865476,0.0,0.7071067811865475,0.0
15.54347826,0.7,-0.13829840000000004,0.3040504,0.7071067811865476,0.0,0.7071067811865475,0.0
15.57971014,0.7,-0.14222640000000009,0.29582559999999997,0.7071067811865476,0.0,0.7071067811865475,0.0
15.61594203,0.7,-0.14669759999999998,0.2887744,0.7071067811865476,0.0,0.7071067811865475,0.0
15.65217391,0.7,-0.15172400000000008,0.2831296,0.7071067811865476,0.0,0.7071067811865475,0.0
15.6884058,0.7,-0.1573192,0.2791264,0.7071067811865476,0.0,0.7071067811865475,0.0
15.72463768,0.7,-0.1634928000000001,0.2769968,0.7071067811865476,0.0,0.7071067811865475,0.0
15.76086957,0.7,-0.1702184,0.2768496,0.7071067811865476,0.0,0.7071067811865475,0.0
15.79710145,0.7,-0.1773768,0.27852879999999997,0.7071067811865476,0.0,0.7071067811865475,0.0
15.83333333,0.7,-0.18484080000000003,0.2818424,0.7071067811865476,0.0,0.7071067811865475,0.0
15.86956522,0.7,-0.19248240000000005,0.2865992,0.7071067811865476,0.0,0.7071067811865475,0.0
15.9057971,0.7,-0.20017200000000002,0.2926088,0.7071067811865476,0.0,0.7071067811865475,0.0
15.94202899,0.7,-0.20778240000000003,0.2996784,0.7071067811865476,0.0,0.7071067811865475,0.0
15.97826087,0.7,-0.2151856000000001,0.30761679999999997,0.7071067811865476,0.0,0.7071067811865475,0.0
16.01449275,0.7,-0.22225280000000003,0.3162336,0.7071067811865476,0.0,0.7071067811865475,0.0
16.05072464,0.7,-0.22886000000000006,0.32533839999999997,0.7071067811865476,0.0,0.7071067811865475,0.0
16.08695652,0.7,-0.23498240000000004,0.33477999999999997,0.7071067811865476,0.0,0.7071067811865475,0.0
16.12318841,0.7,-0.24069200000000013,0.3444432,0.7071067811865476,0.0,0.7071067811865475,0.0
16.15942029,0.7,-0.24606640000000013,0.3542152,0.7071067811865476,0.0,0.7071067811865475,0.0
16.19565217,0.7,-0.25118240000000003,0.3639832,0.7071067811865476,0.0,0.7071067811865475,0.0
16.23188406,0.7,-0.256116,0.3736344,0.7071067811865476,0.0,0.7071067811865475,0.0
16.26811594,0.7,-0.26094400000000006,0.3830544,0.7071067811865476,0.0,0.7071067811865475,0.0
16.30434783,0.7,-0.26574320000000007,0.3921328,0.7071067811865476,0.0,0.7071067811865475,0.0
16.34057971,0.7,-0.2705904000000001,0.4007544,0.7071067811865476,0.0,0.7071067811865475,0.0
16.37681159,0.7,-0.2755616000000001,0.4088072,0.7071067811865476,0.0,0.7071067811865475,0.0
16.41304348,0.7,-0.2807352000000001,0.4161776,0.7071067811865476,0.0,0.7071067811865475,0.0
16.44927536,0.7,-0.28618640000000006,0.4227536,0.7071067811865476,0.0,0.7071067811865475,0.0
16.48550725,0.7,-0.29199280000000005,0.4284208,0.7071067811865476,0.0,0.7071067811865475,0.0
16.52173913,0.7,-0.2982304,0.433068,0.7071067811865476,0.0,0.7071067811865475,0.0
16.55797101,0.7,-0.3049759999999999,0.4365808,0.7071067811865476,0.0,0.7071067811865475,0.0
16.5942029,0.7,-0.312304,0.43884639999999997,0.7071067811865476,0.0,0.7071067811865475,0.0
16.63043478,0.7,-0.3202959999999999,0.4397528,0.7071067811865476,0.0,0.7071067811865475,0.0
16.66666667,0.7,-0.32466399999999995,0.4394696,0.7071067811865476,0.0,0.7071067811865475,0.0
16.70289855,0.7,-0.329032,0.4391864,0.7071067811865476,0.0,0.7071067811865475,0.0
16.73913043,0.7,-0.3338,0.4381112,0.7071067811865476,0.0,0.7071067811865475,0.0
16.77536232,0.7,-0.338576,0.437036,0.7071067811865476,0.0,0.7071067811865475,0.0
16.8115942,0.7,-0.343704,0.4352104,0.7071067811865476,0.0,0.7071067811865475,0.0
16.84782609,0.7,-0.34883200000000003,0.433384,0.7071067811865476,0.0,0.7071067811865475,0.0
16.88405797,0.7,-0.35412,0.4310104,0.7071067811865476,0.0,0.7071067811865475,0.0
16.92028986,0.7,-0.35939999999999994,0.4286368,0.7071067811865476,0.0,0.7071067811865475,0.0
16.95652174,0.7,-0.3646400000000001,0.42593519999999996,0.7071067811865476,0.0,0.7071067811865475,0.0
16.99275362,0.7,-0.369872,0.4232336,0.7071067811865476,0.0,0.7071067811865475,0.0
17.02898551,0.7,-0.37483200000000005,0.420424,0.7071067811865476,0.0,0.7071067811865475,0.0
17.06521739,0.7,-0.3798,0.4176144,0.7071067811865476,0.0,0.7071067811865475,0.0
17.10144928,0.7,-0.38428799999999996,0.414916,0.7071067811865476,0.0,0.7071067811865475,0.0
17.13768116,0.7,-0.388776,0.4122176,0.7071067811865476,0.0,0.7071067811865475,0.0
17.17391304,0.7,-0.39257600000000004,0.4098504,0.7071067811865476,0.0,0.7071067811865475,0.0
17.21014493,0.7,-0.39636800000000005,0.4074832,0.7071067811865476,0.0,0.7071067811865475,0.0
17.24637681,0.7,-0.39926400000000006,0.4056672,0.7071067811865476,0.0,0.7071067811865475,0.0
17.2826087,0.7,-0.40215200000000006,0.4038504,0.7071067811865476,0.0,0.7071067811865475,0.0
17.31884058,0.7,-0.40392800000000006,0.4028048,0.7071067811865476,0.0,0.7071067811865475,0.0
17.35507246,0.7,-0.40570400000000006,0.4017584,0.7071067811865476,0.0,0.7071067811865475,0.0
17.39130435,0.7,-0.4066000000000001,0.4016432,0.7071067811865476,0.0,0.7071067811865475,0.0
17.42753623,0.7,-0.40467999999999993,0.40364,0.7071067811865476,0.0,0.7071067811865475,0.0
17.46376812,0.7,-0.40248000000000017,0.405476,0.7071067811865476,0.0,0.7071067811865475,0.0
17.5,0.7,-0.400288,0.4073112,0.7071067811865476,0.0,0.7071067811865475,0.0
17.53623188,0.7,-0.39704800000000007,0.4097352,0.7071067811865476,0.0,0.7071067811865475,0.0
17.57246377,0.7,-0.39380799999999994,0.4121584,0.7071067811865476,0.0,0.7071067811865475,0.0
17.60869565,0.7,-0.3897280000000001,0.4149208,0.7071067811865476,0.0,0.7071067811865475,0.0
17.64492754,0.7,-0.3856400000000001,0.4176824,0.7071067811865476,0.0,0.7071067811865475,0.0
17.68115942,0.7,-0.38091200000000003,0.4205328,0.7071067811865476,0.0,0.7071067811865475,0.0
17.7173913,0.7,-0.37618399999999996,0.423384,0.7071067811865476,0.0,0.7071067811865475,0.0
17.75362319,0.7,-0.371008,0.4260736,0.7071067811865476,0.0,0.7071067811865475,0.0
17.78985507,0.7,-0.3658239999999999,0.428764,0.7071067811865476,0.0,0.7071067811865475,0.0
17.82608696,0.7,-0.36039200000000005,0.43104319999999996,0.7071067811865476,0.0,0.7071067811865475,0.0
17.86231884,0.7,-0.35496000000000005,0.4333232,0.7071067811865476,0.0,0.7071067811865475,0.0
17.89855072,0.7,-0.349472,0.43494239999999995,0.7071067811865476,0.0,0.7071067811865475,0.0
17.93478261,0.7,-0.34398400000000007,0.4365624,0.7071067811865476,0.0,0.7071067811865475,0.0
17.97101449,0.7,-0.33864000000000005,0.4372728,0.7071067811865476,0.0,0.7071067811865475,0.0
18.00724638,0.7,-0.33328800000000003,0.4379832,0.7071067811865476,0.0,0.7071067811865475,0.0
18.04347826,0.7,-0.3282320000000001,0.43764159999999996,0.7071067811865476,0.0,0.7071067811865475,0.0
18.07971014,0.7,-0.3231680000000001,0.4372992,0.7071067811865476,0.0,0.7071067811865475,0.0
18.11594203,0.7,-0.31843200000000005,0.43598079999999995,0.7071067811865476,0.0,0.7071067811865475,0.0
18.15217391,0.7,-0.3136960000000001,0.4346632,0.7071067811865476,0.0,0.7071067811865475,0.0
18.1884058,0.7,-0.304928,0.430284,0.7071067811865476,0.0,0.7071067811865475,0.0
18.22463768,0.7,-0.29690400000000006,0.4243696,0.7071067811865476,0.0,0.7071067811865475,0.0
18.26086957,0.7,-0.28968400000000005,0.4171296,0.7071067811865476,0.0,0.7071067811865475,0.0
18.29710145,0.7,-0.28331680000000004,0.4087712,0.7071067811865476,0.0,0.7071067811865475,0.0
18.33333333,0.7,-0.2778520000000001,0.39950399999999997,0.7071067811865476,0.0,0.7071067811865475,0.0
18.36956522,0.7,-0.27334,0.389536,0.7071067811865476,0.0,0.7071067811865475,0.0
18.4057971,0.7,-0.26983200000000007,0.3790752,0.7071067811865476,0.0,0.7071067811865475,0.0
18.44202899,0.7,-0.26737920000000004,0.3683304,0.7071067811865476,0.0,0.7071067811865475,0.0
18.47826087,0.7,-0.2660312,0.3575104,0.7071067811865476,0.0,0.7071067811865475,0.0
18.51449275,0.7,-0.26583840000000003,0.346824,0.7071067811865476,0.0,0.7071067811865475,0.0
18.55072464,0.7,-0.2668520000000001,0.3364792,0.7071067811865476,0.0,0.7071067811865475,0.0
18.58695652,0.7,-0.2691224000000001,0.326684,0.7071067811865476,0.0,0.7071067811865475,0.0
18.62318841,0.7,-0.27270079999999997,0.317648,0.7071067811865476,0.0,0.7071067811865475,0.0
18.65942029,0.7,-0.27762640000000005,0.309572,0.7071067811865476,0.0,0.7071067811865475,0.0
18.69565217,0.7,-0.2837912,0.3025664,0.7071067811865476,0.0,0.7071067811865475,0.0
18.73188406,0.7,-0.2909824000000001,0.296676,0.7071067811865476,0.0,0.7071067811865475,0.0
18.76811594,0.7,-0.2949824,0.2943088,0.7071067811865476,0.0,0.7071067811865475,0.0
18.80434783,0.7,-0.2989824,0.2919424,0.7071067811865476,0.0,0.7071067811865475,0.0
18.84057971,0.7,-0.30328,0.29017519999999997,0.7071067811865476,0.0,0.7071067811865475,0.0
18.87681159,0.7,-0.30757600000000007,0.288408,0.7071067811865476,0.0,0.7071067811865475,0.0
18.91304348,0.7,-0.312056,0.2872624,0.7071067811865476,0.0,0.7071067811865475,0.0
18.94927536,0.7,-0.31654400000000005,0.286116,0.7071067811865476,0.0,0.7071067811865475,0.0
18.98550725,0.7,-0.32110400000000006,0.2856112,0.7071067811865476,0.0,0.7071067811865475,0.0
19.02173913,0.7,-0.32567199999999996,0.2851072,0.7071067811865476,0.0,0.7071067811865475,0.0
19.05797101,0.7,-0.33020800000000006,0.2852664,0.7071067811865476,0.0,0.7071067811865475,0.0
19.0942029,0.7,-0.33474400000000015,0.2854256,0.7071067811865476,0.0,0.7071067811865475,0.0
19.13043478,0.7,-0.3391679999999999,0.2862416,0.7071067811865476,0.0,0.7071067811865475,0.0
19.16666667,0.7,-0.343592,0.2870584,0.7071067811865476,0.0,0.7071067811865475,0.0
19.20289855,0.7,-0.34786400000000006,0.2884816,0.7071067811865476,0.0,0.7071067811865475,0.0
19.23913043,0.7,-0.3521280000000001,0.289904,0.7071067811865476,0.0,0.7071067811865475,0.0
19.27536232,0.7,-0.3562080000000001,0.2918776,0.7071067811865476,0.0,0.7071067811865475,0.0
19.3115942,0.7,-0.36028800000000016,0.293852,0.7071067811865476,0.0,0.7071067811865475,0.0
19.34782609,0.7,-0.364144,0.29632159999999996,0.7071067811865476,0.0,0.7071067811865475,0.0
19.38405797,0.7,-0.367992,0.2987912,0.7071067811865476,0.0,0.7071067811865475,0.0
19.42028986,0.7,-0.371576,0.3017016,0.7071067811865476,0.0,0.7071067811865475,0.0
19.45652174,0.7,-0.37515199999999993,0.304612,0.7071067811865476,0.0,0.7071067811865475,0.0
19.49275362,0.7,-0.378432,0.30790639999999997,0.7071067811865476,0.0,0.7071067811865475,0.0
19.52898551,0.7,-0.38171199999999994,0.31120159999999997,0.7071067811865476,0.0,0.7071067811865475,0.0
19.56521739,0.7,-0.384648,0.3148264,0.7071067811865476,0.0,0.7071067811865475,0.0
19.60144928,0.7,-0.38758400000000004,0.3184512,0.7071067811865476,0.0,0.7071067811865475,0.0
19.63768116,0.7,-0.39014399999999994,0.3223496,0.7071067811865476,0.0,0.7071067811865475,0.0
19.67391304,0.7,-0.39269599999999993,0.326248,0.7071067811865476,0.0,0.7071067811865475,0.0
19.71014493,0.7,-0.39700000000000013,0.33448479999999997,0.7071067811865476,0.0,0.7071067811865475,0.0
19.74637681,0.7,-0.400512,0.34306,0.7071067811865476,0.0,0.7071067811865475,0.0
19.7826087,0.7,-0.40327199999999996,0.3518728,0.7071067811865476,0.0,0.7071067811865475,0.0
19.81884058,0.7,-0.4053200000000001,0.3608232,0.7071067811865476,0.0,0.7071067811865475,0.0
19.85507246,0.7,-0.40669600000000006,0.369812,0.7071067811865476,0.0,0.7071067811865475,0.0
19.89130435,0.7,-0.40744000000000014,0.3787392,0.7071067811865476,0.0,0.7071067811865475,0.0
19.92753623,0.7,-0.4076000000000001,0.3875048,0.7071067811865476,0.0,0.7071067811865475,0.0
19.96376812,0.7,-0.4072,0.396008,0.7071067811865476,0.0,0.7071067811865475,0.0
20.0,0.7,-0.40628,0.4041504,0.7071067811865476,0.0,0.7071067811865475,0.0
